{
    "versions": [
        {
            "id": 15911,
            "sref": "refs/heads/master",
            "slean": "2959581d19dc6c9c01d5ab4e6c631e563a61c89e",
            "sleancloud": "5cc70f4fc6e863e805cf7714fc8683eece1fdfd3",
            "sdescription": "Update to pythonnet 2-0-22 (#7515)",
            "sname": "master",
            "bpublic": 1,
            "itimestamp": "2023-10-13 13:26:14",
            "benchmark_basic": 265789.78692138137,
            "benchmark_equity_400_minute": 686654.4665012407,
            "benchmark_equity_1_second": 319160.7868852459,
            "benchmark_cs_indicator": 170151.4367816092,
            "benchmark_cs_history": 216472.60490894693,
            "benchmark_cs_schedule_events": 292132.30148048454,
            "benchmark_py_basic": 176029.14841849147,
            "benchmark_py_equity_400_minute": 570560.3092783504,
            "benchmark_py_equity_1_second": 227865.26217228465,
            "benchmark_py_indicator": 35463.10941361492,
            "benchmark_py_history": 56832.064878353085,
            "benchmark_py_schedule_events": 182398.57142857142,
            "benchmark_py_universe_coarsefine": 183618.9290161893,
            "benchmark_cs_universe_coarsefine": 241591.9254658385,
            "benchmark_py_universe_stateful": 128246.43663334407,
            "benchmark_cs_universe_stateful": 226154.6998867497,
            "benchmark_py_universe_stateless": 181211.52450090746,
            "benchmark_cs_universe_stateless": 259007.91180285343
        }
    ],
    "success": true
}